x,y,x1_shift,x1,tg
1.0,1.0,2.3987635935341824,2.4035600557626817,1.1996228161498417
10.0,1.0,3.5412363917342145,3.5412363917342145,3.309052728679713
20.0,1.0,2.4526748810956556,2.4526748810956556,1.7637547682492565
30.0,1.0,5.053473492883167,5.053473492883167,4.298008160160324
40.0,1.0,4.753003357774816,4.753003357774816,4.612557363494746
50.0,1.0,5.091248831596744,5.091248831596744,4.260120501679194
60.0,1.0,5.555451127683913,5.555451127683913,4.3371550134958
70.0,1.0,5.925295943197928,5.925295943197928,3.9155791236522384
80.0,1.0,5.610309188334737,5.610309188334737,4.277357107420721
90.0,1.0,5.691134155177377,5.691134155177377,4.013098493650567
100.0,1.0,5.688299215691453,5.688299215691453,4.236315958423071
110.0,1.0,6.493126612809261,6.493126612809261,3.633238274495141
120.0,1.0,4.730380940592244,4.730380940592244,4.237925225907655
130.0,1.0,5.960084611645469,5.960084611645469,3.8839076794453065
140.0,1.0,5.615707733342544,5.615707733342544,4.419182986511056
150.0,1.0,5.782327466689832,5.782327466689832,3.894761591061246
160.0,1.0,5.449437784723646,5.449437784723646,4.099876682598492
170.0,1.0,5.399609556674998,5.399609556674998,4.31023112041129
180.0,1.0,5.748437588295498,5.748437588295498,4.36677137815155
190.0,1.0,5.68641334012854,5.68641334012854,4.061701439234353
200.0,1.0,4.77344958771031,4.77344958771031,4.148027966467933
210.0,1.0,4.154356882147169,4.154356882147169,4.240089982772426
220.0,1.0,5.529450738462176,5.529450738462176,4.278863244262929
230.0,1.0,5.872601429039213,5.872601429039213,3.647458562550796
240.0,1.0,4.775366086490059,4.775366086490059,4.4418021631651685
250.0,1.0,4.523307906057739,4.523307906057739,3.9418202422186037
260.0,1.0,4.2533311403413885,4.2533311403413885,4.150236095964021
1.0,10.0,2.565183352181615,2.565183352181615,1.566920452281569
10.0,10.0,3.9245017877201436,3.9245017877201436,3.713880922056322
20.0,10.0,3.002660665079957,3.002660665079957,2.296077203735107
30.0,10.0,4.0970890800879225,4.0970890800879225,3.8313672848616633
40.0,10.0,4.4435241783490795,4.4435241783490795,4.270488658906405
50.0,10.0,6.20993247365923,6.20993247365923,3.989767605754194
60.0,10.0,5.460376763263498,5.460376763263498,4.148044066151329
70.0,10.0,5.366450478248378,5.366450478248378,4.03743251742565
80.0,10.0,4.554249606753645,4.554249606753645,4.365141154795849
90.0,10.0,4.801323945895008,4.801323945895008,4.462522983902049
100.0,10.0,5.935373938592043,5.935373938592043,3.665778494644085
110.0,10.0,5.604377429168928,5.604377429168928,4.2472844706837485
120.0,10.0,5.80296714393196,5.80296714393196,4.051023213255414
130.0,10.0,6.272183438110065,6.272183438110065,3.720844243487333
140.0,10.0,5.176679775523392,5.176679775523392,4.515169145949202
150.0,10.0,5.527197568840379,5.527197568840379,4.644829101811749
160.0,10.0,5.440998805298315,5.440998805298315,4.408319433742084
170.0,10.0,2.9212493274950413,2.9212493274950413,1.9410694796231212
180.0,10.0,4.103993083861877,4.103993083861877,4.31847078031498
190.0,10.0,5.357310660302279,5.357310660302279,4.565006187529073
200.0,10.0,5.247067598993113,5.247067598993113,4.384338651598756
210.0,10.0,5.0482678651092385,5.0482678651092385,4.487489159019562
220.0,10.0,6.463954849844817,6.463954849844817,3.6018236895175098
230.0,10.0,6.533736500241345,6.533736500241345,3.265797646586622
240.0,10.0,5.669113819511406,5.669113819511406,4.290094713898534
250.0,10.0,4.043040534977628,4.043040534977628,4.223781941783009
260.0,10.0,3.1959163313706975,3.1959163313706975,2.271624402322691
1.0,20.0,3.393129238561553,3.393129238561553,3.0816332086027036
10.0,20.0,4.348764583374909,4.348764583374909,4.219794374473456
20.0,20.0,4.185615701687102,4.185615701687102,4.015201261504027
30.0,20.0,3.9120472039259013,3.9120472039259013,3.918875067769825
40.0,20.0,4.5171617814814455,4.5171617814814455,4.075130590098535
50.0,20.0,4.581539783395177,4.581539783395177,4.347454739797306
60.0,20.0,3.142801391461348,3.142801391461348,3.0563480370032865
70.0,20.0,5.519654569815688,5.519654569815688,4.213262169515052
80.0,20.0,5.850913360982869,5.850913360982869,3.664240661233466
90.0,20.0,5.667674487865687,5.667674487865687,4.2543303272808854
100.0,20.0,4.537796111184262,4.537796111184262,4.500425654016186
110.0,20.0,4.471470547393714,4.471470547393714,4.473927334844881
120.0,20.0,5.420679548253868,5.420679548253868,4.360004657118994
130.0,20.0,5.761443040061183,5.761443040061183,4.0539661041921935
140.0,20.0,4.947700797022708,4.947700797022708,4.42592992491319
150.0,20.0,5.108409692343741,5.108409692343741,4.584175875145145
160.0,20.0,5.202867421601161,5.202867421601161,4.590576169062553
170.0,20.0,5.318253231566075,5.318253231566075,4.372419975496146
180.0,20.0,5.639140902289695,5.639140902289695,4.341114685043291
190.0,20.0,5.01622188016938,5.01622188016938,4.188464842849321
200.0,20.0,5.426383631326019,5.426383631326019,4.513340815802352
210.0,20.0,5.733729088794751,5.733729088794751,4.19712645738913
220.0,20.0,6.817347459460221,6.817347459460221,3.154643558522012
230.0,20.0,5.434029709874191,5.434029709874191,4.2453471198767065
240.0,20.0,5.788335829013981,5.788335829013981,4.428110526437513
250.0,20.0,5.054978313202941,5.054978313202941,4.295942185897474
260.0,20.0,3.1538778201689253,3.1538778201689253,2.783463376432889
1.0,30.0,4.260819382028509,4.260819382028509,4.067594213414804
10.0,30.0,3.4710933829827666,3.4710933829827666,3.421903738087777
20.0,30.0,4.414031624901693,4.414031624901693,4.26086776060406
30.0,30.0,4.394467537666138,4.394467537666138,4.127837834731532
40.0,30.0,4.426690442918103,4.426690442918103,4.438228209602207
50.0,30.0,4.282159287637992,4.282159287637992,4.142532268241593
60.0,30.0,5.44315252465102,5.44315252465102,4.111412411049076
70.0,30.0,5.69308287752227,5.69308287752227,4.416110104346364
80.0,30.0,6.328753759620952,6.328753759620952,4.052105500048125
90.0,30.0,5.391158775303149,5.391158775303149,4.269534343960291
100.0,30.0,5.276604959837594,5.276604959837594,4.357859533732746
110.0,30.0,5.067516902908482,5.067516902908482,4.346976119107531
120.0,30.0,5.483158267171176,5.483158267171176,3.8034459056252232
130.0,30.0,4.329569427433164,4.329569427433164,4.264945728640965
140.0,30.0,5.42009040244245,5.42009040244245,4.429588876038131
150.0,30.0,5.491332417656651,5.491332417656651,3.958608640119183
160.0,30.0,5.36980612420082,5.36980612420082,4.278179357168058
170.0,30.0,4.440666871756902,4.440666871756902,4.171729901841117
180.0,30.0,5.963861871474722,5.963861871474722,4.185961580608048
190.0,30.0,5.235832770691364,5.235832770691364,4.376753307423592
200.0,30.0,4.783642846250455,4.783642846250455,4.5269136476490806
210.0,30.0,4.687832885898973,4.687832885898973,4.34900420791888
220.0,30.0,4.405830501664111,4.405830501664111,4.103347743059482
230.0,30.0,5.23521670520239,5.23521670520239,4.2993203198520415
240.0,30.0,4.7286861699689435,4.7286861699689435,4.291218035063447
250.0,30.0,4.718159052555035,4.718159052555035,4.360049708099031
260.0,30.0,3.8360919570409155,3.8360919570409155,4.242441059816656
1.0,40.0,5.315140046025489,5.315140046025489,4.616638805659164
10.0,40.0,4.832281148495876,4.832281148495876,4.277383305500648
20.0,40.0,4.542971416386177,4.542971416386177,4.32265358356337
30.0,40.0,4.515810649531256,4.515810649531256,4.52662963788334
40.0,40.0,4.435783040873537,4.435783040873537,4.495799795718523
50.0,40.0,4.232854762107468,4.232854762107468,4.1327802906926445
60.0,40.0,4.9542301295129185,4.9542301295129185,4.472100925884664
70.0,40.0,6.086449808782977,6.086449808782977,3.5208715529290577
80.0,40.0,5.041827373503753,5.041827373503753,4.329105972365767
90.0,40.0,5.497614180954594,5.497614180954594,4.309542643530916
100.0,40.0,4.121133744028507,4.121133744028507,4.15378113996337
110.0,40.0,5.768017608012175,5.768017608012175,4.356066286413586
120.0,40.0,4.337011760973417,4.337011760973417,4.217428723706194
130.0,40.0,4.9024044797178945,4.9024044797178945,4.335899064784761
140.0,40.0,5.268625758256916,5.268625758256916,4.106903301924021
150.0,40.0,5.132590581803875,5.132590581803875,4.4356572780406935
160.0,40.0,5.146993146311948,5.146993146311948,4.417925431852001
170.0,40.0,5.013233355417294,5.013233355417294,4.441701028975774
180.0,40.0,4.842452025185367,4.842452025185367,4.203258975718636
190.0,40.0,4.792315450193794,4.792315450193794,4.64308527037235
200.0,40.0,3.8707834502492022,3.8707834502492022,4.017154143760518
210.0,40.0,5.18549214479361,5.18549214479361,4.245856379244247
220.0,40.0,5.495092567836373,5.495092567836373,4.580140670286087
230.0,40.0,5.6633866024362645,5.6633866024362645,4.075815503244704
240.0,40.0,4.956894084655835,4.956894084655835,4.398042599308536
250.0,40.0,5.258274109110122,5.258274109110122,4.3468804406902795
260.0,40.0,4.71780630031712,4.71780630031712,4.067375847216211
1.0,50.0,5.9738983265434165,5.9738983265434165,3.8786933317545986
10.0,50.0,4.881526655865454,4.881526655865454,4.281883679475441
20.0,50.0,5.098948230697706,5.098948230697706,4.566787728123669
30.0,50.0,4.889720425466304,4.889720425466304,4.428336371294311
40.0,50.0,5.677843846821268,5.677843846821268,4.093561351049235
50.0,50.0,4.556768777207231,4.556768777207231,4.090359082233379
60.0,50.0,4.111733672290175,4.111733672290175,3.7887612193019624
70.0,50.0,5.144298917412846,5.144298917412846,4.734692666113572
80.0,50.0,6.057567005570669,6.057567005570669,3.961770820873888
90.0,50.0,6.369665726125604,6.369665726125604,3.701393326501215
100.0,50.0,5.125030711425887,5.125030711425887,4.419860875302828
110.0,50.0,5.998543054495671,5.998543054495671,4.065888695188697
120.0,50.0,5.663141674111844,5.663141674111844,4.017067893940389
130.0,50.0,4.3569533158131195,4.3569533158131195,4.505886001083981
140.0,50.0,5.405063232467947,5.405063232467947,4.245698780711233
150.0,50.0,5.736885113187746,5.736885113187746,4.046167666883356
160.0,50.0,4.314917840550543,4.314917840550543,4.049123989759705
170.0,50.0,4.891181511922378,4.891181511922378,4.581290501334239
180.0,50.0,4.573246526674099,4.573246526674099,4.21604156188886
190.0,50.0,4.4583621920941185,4.4583621920941185,4.340213217191513
200.0,50.0,3.846460591962036,3.846460591962036,3.8792884491683286
210.0,50.0,5.2123675549564945,5.2123675549564945,4.634485254526689
220.0,50.0,4.875206708848035,4.875206708848035,4.537344654705002
230.0,50.0,5.258455207573364,5.258455207573364,4.33156852277373
240.0,50.0,4.336066837784526,4.336066837784526,4.27382931704286
250.0,50.0,5.6181390468675545,5.6181390468675545,4.235406931171742
260.0,50.0,5.250489107025418,5.250489107025418,4.288492729347615
1.0,60.0,6.52184226291143,6.52184226291143,3.1585959895497226
10.0,60.0,6.901625291511965,6.901625291511965,2.392988236628574
20.0,60.0,4.4968871624442155,4.4968871624442155,4.1157049191000405
30.0,60.0,6.384511988619166,6.384511988619166,3.2397708770976585
40.0,60.0,7.145196669599512,7.145196669599512,2.7492760705950965
50.0,60.0,5.815771755574554,5.815771755574554,4.13078663793941
60.0,60.0,5.014457553382937,5.014457553382937,4.14909137943118
70.0,60.0,5.623283552546506,5.623283552546506,4.24085110901836
80.0,60.0,4.323861621932102,4.323861621932102,4.308731343022609
90.0,60.0,5.387724418116263,5.387724418116263,4.33542166656894
100.0,60.0,3.1520810556043726,3.1520810556043726,2.602799862460608
110.0,60.0,5.9884438537233615,5.9884438537233615,3.820745727200149
120.0,60.0,5.872744578183331,5.872744578183331,4.159046795771868
130.0,60.0,4.913146815029515,4.913146815029515,4.672823614132583
140.0,60.0,5.007688340623296,5.007688340623296,4.6205223548009124
150.0,60.0,5.789314053739792,5.789314053739792,3.8440976987228423
160.0,60.0,5.005656238389264,5.005656238389264,4.327735582332179
170.0,60.0,1.7284083049747285,2.4035600557626817,1.1534206970882805
180.0,60.0,2.8480962184868823,2.8480962184868823,2.428222979352055
190.0,60.0,4.0853027369079795,4.0853027369079795,3.98929825999999
200.0,60.0,5.840856269507105,5.840856269507105,3.884820551942286
210.0,60.0,6.157737856784797,6.157737856784797,3.556513746769416
220.0,60.0,5.3387615372268,5.3387615372268,4.481049574672748
230.0,60.0,4.498967615223663,4.498967615223663,4.10339306915197
240.0,60.0,4.5997851425327205,4.5997851425327205,4.282594921837088
250.0,60.0,5.290431930141806,5.290431930141806,4.332974704942117
260.0,60.0,4.627895499194272,4.627895499194272,4.433511194982701
1.0,70.0,6.847623409044269,6.847623409044269,2.6413798234031005
10.0,70.0,5.856313534314328,5.856313534314328,4.162955301100736
20.0,70.0,6.589806363433043,6.589806363433043,2.804802346225438
30.0,70.0,6.264714325921974,6.264714325921974,3.7469262682225106
40.0,70.0,3.5594417402299934,3.5594417402299934,3.4319262498879657
50.0,70.0,4.622605972356017,4.622605972356017,4.478259966195448
60.0,70.0,3.5160913123344635,3.5160913123344635,3.3886660938504347
70.0,70.0,6.490203926863756,6.490203926863756,3.2866742307935546
80.0,70.0,6.27853082132604,6.27853082132604,3.388869445273753
90.0,70.0,6.681858412685816,6.681858412685816,2.789997515185028
100.0,70.0,5.13978863365593,5.13978863365593,4.419748980167625
110.0,70.0,6.069798972108265,6.069798972108265,3.5699297439760773
120.0,70.0,6.027390345265635,6.027390345265635,3.4830939371782565
130.0,70.0,5.878642322921026,5.878642322921026,4.319969884895658
140.0,70.0,6.438188107438655,6.438188107438655,3.6694137478424325
150.0,70.0,5.495352953050971,5.495352953050971,4.37988811016667
160.0,70.0,6.041782601786711,6.041782601786711,4.1994192309737866
170.0,70.0,4.3972807678934105,4.3972807678934105,4.317361883486755
180.0,70.0,3.2514511104380306,3.2514511104380306,3.0648029878975693
190.0,70.0,3.757053870493689,3.757053870493689,3.7403786098480856
200.0,70.0,5.269912600876922,5.269912600876922,4.553938792750228
210.0,70.0,5.606687211062818,5.606687211062818,4.213440849179903
220.0,70.0,4.682500364836732,4.682500364836732,4.359067748248322
230.0,70.0,5.227192878767995,5.227192878767995,4.548206441636715
240.0,70.0,5.584252743457225,5.584252743457225,4.371212425059906
250.0,70.0,5.42213814456592,5.42213814456592,4.491856092450435
260.0,70.0,4.808952125441847,4.808952125441847,4.34254216518171
1.0,80.0,6.334646456331984,6.334646456331984,3.500559536990535
10.0,80.0,5.307018692441351,5.307018692441351,4.3841003386173325
20.0,80.0,7.075882889375782,7.075882889375782,2.3300129352707057
30.0,80.0,6.425634314957204,6.425634314957204,3.4660213736553946
40.0,80.0,4.165142440597489,4.165142440597489,4.111649516361089
50.0,80.0,6.329414170291157,6.329414170291157,3.505554677988235
60.0,80.0,4.159860479170865,4.159860479170865,3.7531988996833228
70.0,80.0,5.364838544605668,5.364838544605668,4.3293935168505895
80.0,80.0,4.638472751691435,4.638472751691435,4.341028919659061
90.0,80.0,6.379780855333657,6.379780855333657,3.4569542989640434
100.0,80.0,5.829790012413787,5.829790012413787,4.10065644270925
110.0,80.0,5.173567569125361,5.173567569125361,4.390609372701905
120.0,80.0,4.980067802745711,4.980067802745711,4.410137843016592
130.0,80.0,6.192190723209637,6.192190723209637,3.9420868226524886
140.0,80.0,4.95886405354434,4.95886405354434,4.298410234545594
150.0,80.0,5.981596168593167,5.981596168593167,4.068675207984136
160.0,80.0,5.708388846531933,5.708388846531933,3.8817473911090383
170.0,80.0,4.509261739458031,4.509261739458031,4.176953637402218
180.0,80.0,4.422348982686,4.422348982686,4.137899278511916
190.0,80.0,4.579299565057444,4.579299565057444,4.540049176151688
200.0,80.0,5.105457480914637,5.105457480914637,4.40594384378718
210.0,80.0,5.742224047373153,5.742224047373153,4.073345929071151
220.0,80.0,5.0224273641368935,5.0224273641368935,4.39459417060819
230.0,80.0,4.376619408946114,4.376619408946114,4.0617893525243725
240.0,80.0,4.315035430870274,4.315035430870274,4.21802933988166
250.0,80.0,4.557409938486479,4.557409938486479,4.281130428043625
260.0,80.0,4.285431131901729,4.285431131901729,4.069099920999418
1.0,90.0,5.27799773846466,5.27799773846466,4.229274843441455
10.0,90.0,5.481189411598057,5.481189411598057,4.533874448017827
20.0,90.0,6.73745989269187,6.73745989269187,3.0732356467149726
30.0,90.0,5.84772394726901,5.84772394726901,4.272617768807166
40.0,90.0,4.511533582610269,4.511533582610269,4.506104971485027
50.0,90.0,7.020739191643593,7.020739191643593,2.3330997524941743
60.0,90.0,5.6934962803965385,5.6934962803965385,4.158734548431122
70.0,90.0,2.962279878664353,2.962279878664353,2.5590848674784827
80.0,90.0,6.058870103441573,6.058870103441573,4.110757810008247
90.0,90.0,6.481606189297654,6.481606189297654,3.560698107300148
100.0,90.0,5.61087413343338,5.61087413343338,4.383852828816711
110.0,90.0,4.740921177126422,4.740921177126422,4.201431380832063
120.0,90.0,4.2880712901054885,4.2880712901054885,4.025700112608577
130.0,90.0,5.428666026430928,5.428666026430928,4.407013096597077
140.0,90.0,6.241384760695463,6.241384760695463,4.067991267110347
150.0,90.0,5.734991582429044,5.734991582429044,4.2376646333015655
160.0,90.0,6.593295050855966,6.593295050855966,3.2735026962042673
170.0,90.0,5.770982549589912,5.770982549589912,4.168400611520644
180.0,90.0,6.632302942285222,6.632302942285222,3.3615718750227446
190.0,90.0,5.522220907686855,5.522220907686855,4.087738432392824
200.0,90.0,6.77310394310363,6.77310394310363,3.1100117248489214
210.0,90.0,7.079978111107371,7.079978111107371,2.3682742091340283
220.0,90.0,5.384015272135845,5.384015272135845,3.9784868316024795
230.0,90.0,4.376343783105581,4.376343783105581,4.158007787630976
240.0,90.0,4.069984632103405,4.069984632103405,3.843331015184756
250.0,90.0,3.393277680690002,3.393277680690002,2.8725013715053698
260.0,90.0,4.023706542040969,4.023706542040969,3.9261849890037133
1.0,100.0,6.648828455450097,6.648828455450097,3.0394414956943296
10.0,100.0,6.942010070330737,6.942010070330737,2.088463005249665
20.0,100.0,6.570765301623235,6.570765301623235,3.541607709932744
30.0,100.0,5.9157594147466295,5.9157594147466295,4.164683829394582
40.0,100.0,6.263392205379194,6.263392205379194,3.4427049615691794
50.0,100.0,6.199196958208204,6.199196958208204,3.694154047178671
60.0,100.0,5.4412084728813515,5.4412084728813515,4.2710666938885264
70.0,100.0,6.335527332405995,6.335527332405995,3.4995075390208346
80.0,100.0,4.354828558481689,4.354828558481689,4.06500384447263
90.0,100.0,5.28565807431587,5.28565807431587,4.176813527363414
100.0,100.0,6.745891052291338,6.745891052291338,3.195778260135352
110.0,100.0,4.7475029421451564,4.7475029421451564,4.367634847717512
120.0,100.0,3.5308820787703024,3.5308820787703024,3.3666304304621475
130.0,100.0,5.403684869665583,5.403684869665583,4.69107852977884
140.0,100.0,5.195917247342108,5.195917247342108,4.353680676755345
150.0,100.0,5.420371090511585,5.420371090511585,4.079570920346969
160.0,100.0,6.523189129739091,6.523189129739091,2.8163689601403123
170.0,100.0,7.209468521536225,7.209468521536225,2.230698872641692
180.0,100.0,6.264015847144656,6.264015847144656,3.641258666552829
190.0,100.0,6.3528272411637685,6.3528272411637685,3.338868684006537
200.0,100.0,4.864940508494705,4.864940508494705,4.252666394012287
210.0,100.0,6.367337494739451,6.367337494739451,3.76790344582612
220.0,100.0,5.744214710428142,5.744214710428142,4.363233830284236
230.0,100.0,4.8153171307949885,4.8153171307949885,4.770095439089154
240.0,100.0,4.646446046278678,4.646446046278678,4.313364655697619
250.0,100.0,3.200181764916179,3.200181764916179,3.4241193161871006
260.0,100.0,3.6341526630419665,3.6341526630419665,3.4924882169210036
1.0,110.0,5.37972052054167,5.37972052054167,3.9885071496879627
10.0,110.0,6.14453360987039,6.14453360987039,3.639296699266239
20.0,110.0,5.307187997626273,5.307187997626273,4.465928734695374
30.0,110.0,5.857734444927428,5.857734444927428,3.9054904544528197
40.0,110.0,5.7466881103218785,5.7466881103218785,4.024222466465963
50.0,110.0,5.740293466694167,5.740293466694167,4.046885897713713
60.0,110.0,5.648751281588844,5.648751281588844,4.200379800543917
70.0,110.0,5.4226148777258825,5.4226148777258825,4.387986843007493
80.0,110.0,7.5538388333620246,7.5538388333620246,1.4402236836834432
90.0,110.0,6.5806161024535665,6.5806161024535665,3.0895063970398957
100.0,110.0,6.663287460800522,6.663287460800522,3.0071066872902565
110.0,110.0,5.066914451324545,5.066914451324545,4.281184430450902
120.0,110.0,4.602991060701645,4.602991060701645,4.190194042126242
130.0,110.0,3.320359606512567,3.320359606512567,3.506362934356306
140.0,110.0,5.230852567726574,5.230852567726574,4.327200449733702
150.0,110.0,5.910943106277476,5.910943106277476,4.180680545771973
160.0,110.0,5.246341766435228,5.246341766435228,4.376043561506834
170.0,110.0,5.750549269427796,5.750549269427796,4.387090801602669
180.0,110.0,5.5426198339715915,5.5426198339715915,4.322222010380529
190.0,110.0,5.64398096471517,5.64398096471517,4.131336860948335
200.0,110.0,5.477360497059562,5.477360497059562,4.306920459168475
210.0,110.0,5.592274000527972,5.592274000527972,4.167085267558105
220.0,110.0,6.791132412586134,6.791132412586134,3.040203167950356
230.0,110.0,5.408902646994864,5.408902646994864,4.548141876128754
240.0,110.0,4.56465641358261,4.56465641358261,4.439823519138285
250.0,110.0,3.8362232216804006,3.8362232216804006,3.525222329861985
260.0,110.0,4.6217282042807275,4.6217282042807275,4.072591628786682
1.0,120.0,5.306750133198032,5.306750133198032,4.372746968304927
10.0,120.0,5.662559701902058,5.662559701902058,4.175961980682006
20.0,120.0,4.927836495316644,4.927836495316644,3.948832763140657
30.0,120.0,4.451296211024273,4.451296211024273,4.273317725936429
40.0,120.0,5.123299541955881,5.123299541955881,4.278872775424781
50.0,120.0,5.4239612645437125,5.4239612645437125,4.343847737645354
60.0,120.0,4.700086550128198,4.700086550128198,4.252559761375148
70.0,120.0,3.4438111062067347,3.4438111062067347,3.2904651262913913
80.0,120.0,6.34918148636137,6.34918148636137,3.371623242680581
90.0,120.0,7.029895594943049,7.029895594943049,2.0741830306765827
100.0,120.0,5.800986153098922,5.800986153098922,4.2612517706872275
110.0,120.0,6.695425830363792,6.695425830363792,3.50674091513924
120.0,120.0,4.70029644851053,4.70029644851053,4.2550975853351645
130.0,120.0,4.70912894183296,4.70912894183296,4.119186997462921
140.0,120.0,5.6746111968740385,5.6746111968740385,4.215299959809305
150.0,120.0,5.458917569043626,5.458917569043626,4.286870600536946
160.0,120.0,5.89780496357929,5.89780496357929,3.6793576332325015
170.0,120.0,5.175639414143446,5.175639414143446,4.233064166008339
180.0,120.0,4.655629865279808,4.655629865279808,4.389526936738722
190.0,120.0,3.884468509571626,3.884468509571626,3.9974376647705165
200.0,120.0,3.220118127743449,3.220118127743449,2.4186820528011457
210.0,120.0,4.127934516861849,4.127934516861849,4.1897843324175525
220.0,120.0,5.028661130400583,5.028661130400583,4.369095932930361
230.0,120.0,5.315884715832632,5.315884715832632,4.430119691535141
240.0,120.0,4.5185128750031085,4.5185128750031085,4.336076574447955
250.0,120.0,2.458229062331855,2.458229062331855,1.2729329932881046
260.0,120.0,5.019312257879662,5.019312257879662,4.262836985900598
1.0,130.0,5.27572658991701,5.27572658991701,4.247670742299985
10.0,130.0,4.697947608731362,4.697947608731362,4.192306321056414
20.0,130.0,3.939568261374404,3.939568261374404,3.904796381518784
30.0,130.0,4.715295074220178,4.715295074220178,3.9397326830709023
40.0,130.0,4.928591204054884,4.928591204054884,4.52514734522673
50.0,130.0,5.03302360542178,5.03302360542178,4.334552993719549
60.0,130.0,5.316628960849248,5.316628960849248,4.423556437576597
70.0,130.0,5.869953085143999,5.869953085143999,3.7204567354312634
80.0,130.0,6.517754521684418,6.517754521684418,3.1922048756923678
90.0,130.0,7.332887594999147,7.332887594999147,1.7926272952784748
100.0,130.0,5.0814463682128554,5.0814463682128554,3.9682551559876442
110.0,130.0,6.234032483391294,6.234032483391294,3.5978568179025
120.0,130.0,4.654932976022359,4.654932976022359,4.3248878862119735
130.0,130.0,5.423400270036283,5.423400270036283,4.289174906758657
140.0,130.0,5.563627859566932,5.563627859566932,4.254550162810044
150.0,130.0,5.772481363313925,5.772481363313925,3.9362602151246406
160.0,130.0,5.263675607449289,5.263675607449289,4.235257480345285
170.0,130.0,5.459133780877386,5.459133780877386,4.4207470303443275
180.0,130.0,4.1309438376394505,4.1309438376394505,4.156416692163953
190.0,130.0,4.55340382158017,4.55340382158017,4.345601000294214
200.0,130.0,4.400810627852952,4.400810627852952,4.150675522324643
210.0,130.0,5.046820809662868,5.046820809662868,4.444096883615661
220.0,130.0,1.95861690705261,2.4035600557626817,1.6502635540137487
230.0,130.0,5.27684720474608,5.27684720474608,4.413247523608145
240.0,130.0,4.364696992036564,4.364696992036564,4.324789976510959
250.0,130.0,3.3426833146136423,3.3426833146136423,3.1701787714937963
260.0,130.0,5.142332664885108,5.142332664885108,4.452290502286787
1.0,140.0,5.415826827013755,5.415826827013755,4.500543174548756
10.0,140.0,4.926434760322664,4.926434760322664,4.413715186580299
20.0,140.0,4.527788233922439,4.527788233922439,4.544916618590396
30.0,140.0,4.842602508098261,4.842602508098261,4.425913030756051
40.0,140.0,5.225405777154396,5.225405777154396,4.495523829655467
50.0,140.0,5.462204165096947,5.462204165096947,4.292808965767713
60.0,140.0,6.179239834213732,6.179239834213732,3.9946814251244294
70.0,140.0,6.1314696707940834,6.1314696707940834,3.6503718223420925
80.0,140.0,6.4490342366083455,6.4490342366083455,3.7178737762059617
90.0,140.0,6.3254588671253345,6.3254588671253345,3.4901524607516987
100.0,140.0,5.855587024622151,5.855587024622151,3.81498126113787
110.0,140.0,3.5580835568637363,3.5580835568637363,2.987795927175167
120.0,140.0,4.582874633576334,4.582874633576334,4.4084660449472395
130.0,140.0,5.368687632399517,5.368687632399517,4.224442407009483
140.0,140.0,5.777953548326445,5.777953548326445,4.30938078797123
150.0,140.0,4.573198821961562,4.573198821961562,4.252543075961946
160.0,140.0,6.081332836714523,6.081332836714523,3.451518858714062
170.0,140.0,5.473057968985114,5.473057968985114,4.298973639287614
180.0,140.0,4.872180569702366,4.872180569702366,4.21726067164453
190.0,140.0,5.236830033223673,5.236830033223673,4.520268740263535
200.0,140.0,5.102732805476479,5.102732805476479,4.362377561126713
210.0,140.0,5.709423433930431,5.709423433930431,4.129071349968347
220.0,140.0,4.9239554079559715,4.9239554079559715,4.299156698310219
230.0,140.0,4.748585927775213,4.748585927775213,4.224415290769025
240.0,140.0,3.5935890820113308,3.5935890820113308,3.5527108583909324
250.0,140.0,4.2351888704693,4.2351888704693,4.178763987861971
260.0,140.0,4.998271457643428,4.998271457643428,4.505119479804569
1.0,150.0,5.069173937581273,5.069173937581273,4.349575109330396
10.0,150.0,3.2326255999450972,3.2326255999450972,2.657393826130554
20.0,150.0,4.575724893066444,4.575724893066444,4.575834315421879
30.0,150.0,5.489626203701252,5.489626203701252,4.177688177231393
40.0,150.0,5.608049407940167,5.608049407940167,4.10162781126101
50.0,150.0,6.8828033735320355,6.8828033735320355,2.1556516652837083
60.0,150.0,8.377756604671289,7.5753906701662626,1.4206275081129593
70.0,150.0,7.013695700690511,7.013695700690511,2.868220722609811
80.0,150.0,5.513584503367814,5.513584503367814,4.539434525283709
90.0,150.0,5.628691328006754,5.628691328006754,4.369745725968983
100.0,150.0,4.643863156593503,4.643863156593503,4.308882683330894
110.0,150.0,4.65308875353384,4.65308875353384,4.356504072295043
120.0,150.0,4.10134259502015,4.10134259502015,3.913679240724981
130.0,150.0,4.853972262732688,4.853972262732688,4.378148155292758
140.0,150.0,5.154542210156686,5.154542210156686,4.452324700651559
150.0,150.0,3.8530238147939397,3.8530238147939397,3.6379314520428765
160.0,150.0,4.970808285185908,4.970808285185908,4.101757750694687
170.0,150.0,2.9218518721049813,2.9218518721049813,2.0891516515097757
180.0,150.0,5.616555196154528,5.616555196154528,4.072453369898628
190.0,150.0,5.917852264823589,5.917852264823589,3.7362750175845205
200.0,150.0,6.19871948754093,6.19871948754093,3.681506132812789
210.0,150.0,6.329084039563137,6.329084039563137,3.5141474199619123
220.0,150.0,6.013891668378509,6.013891668378509,3.6296940955860673
230.0,150.0,4.952358852779283,4.952358852779283,4.25456017648873
240.0,150.0,3.781563915992155,3.781563915992155,3.779586759239206
250.0,150.0,4.179518438334984,4.179518438334984,4.161227086331832
260.0,150.0,4.613873077214287,4.613873077214287,4.174435099840752
1.0,160.0,5.148705006898972,5.148705006898972,4.754653364309856
10.0,160.0,6.117690047304412,6.117690047304412,3.451640175545893
20.0,160.0,5.1440805360481345,5.1440805360481345,4.757824377962042
30.0,160.0,5.810487050259387,5.810487050259387,4.077580747839348
40.0,160.0,6.24599690512405,6.24599690512405,3.912077705733758
50.0,160.0,6.9730376273348575,6.9730376273348575,2.489095789792377
60.0,160.0,6.1739287082332055,6.1739287082332055,3.832797228687874
70.0,160.0,6.691761304917132,6.691761304917132,2.9205114013295534
80.0,160.0,6.059369162200643,6.059369162200643,4.2824035043972986
90.0,160.0,5.122733014421467,5.122733014421467,4.20205732945333
100.0,160.0,4.416172193377728,4.416172193377728,4.32523437731702
110.0,160.0,4.264446454368632,4.264446454368632,4.037770422635646
120.0,160.0,4.110704721148123,4.110704721148123,4.282062985126138
130.0,160.0,4.216732789027881,4.216732789027881,4.218488161290898
140.0,160.0,4.929398891861315,4.929398891861315,4.301635908428914
150.0,160.0,3.4517730257484254,3.4517730257484254,3.514822972775048
160.0,160.0,5.05328559537062,5.05328559537062,4.419388907559376
170.0,160.0,4.227739423721065,4.227739423721065,3.917013506109073
180.0,160.0,5.728818727226255,5.728818727226255,4.309913472177338
190.0,160.0,5.811225421563174,5.811225421563174,4.119990284743573
200.0,160.0,5.828482957705077,5.828482957705077,3.787651251656695
210.0,160.0,5.161814705944015,5.161814705944015,4.126846023063602
220.0,160.0,5.179313829902351,5.179313829902351,4.275338369412812
230.0,160.0,4.310889796712267,4.310889796712267,4.420087912686311
240.0,160.0,2.707272591240748,2.707272591240748,1.6705526553312604
250.0,160.0,4.669384215005304,4.669384215005304,4.444669273748104
260.0,160.0,5.161934587166863,5.161934587166863,4.491929359976119
1.0,170.0,5.405850514680101,5.405850514680101,4.372427225022078
10.0,170.0,5.550266566125224,5.550266566125224,4.174173196834293
20.0,170.0,5.026883777459726,5.026883777459726,4.679869139062388
30.0,170.0,5.233486066411332,5.233486066411332,4.41403174101384
40.0,170.0,7.056787662263856,7.056787662263856,2.2245402226374593
50.0,170.0,6.67721407722128,6.67721407722128,2.7232927228041373
60.0,170.0,7.228693170810452,7.228693170810452,2.2845230244807078
70.0,170.0,6.503426085885527,6.503426085885527,3.4952874552409274
80.0,170.0,6.396638138427374,6.396638138427374,3.69463036233305
90.0,170.0,4.7185554337965,4.7185554337965,4.285311179581495
100.0,170.0,4.147696778127112,4.147696778127112,3.959698121191044
110.0,170.0,3.9862393051330827,3.9862393051330827,3.7480789349312063
120.0,170.0,3.889143061999338,3.889143061999338,4.124313785479563
130.0,170.0,4.111047580127567,4.111047580127567,3.9609355266410327
140.0,170.0,4.810254648830526,4.810254648830526,4.100237609415589
150.0,170.0,4.583113148105354,4.583113148105354,4.424465300782819
160.0,170.0,4.351515243124452,4.351515243124452,4.27393366661864
170.0,170.0,4.780462732317438,4.780462732317438,4.530327399553525
180.0,170.0,4.677363504298042,4.677363504298042,4.328903663907564
190.0,170.0,5.197689398729237,5.197689398729237,4.481436786701202
200.0,170.0,4.726143843689318,4.726143843689318,4.118787738348763
210.0,170.0,4.693668947477712,4.693668947477712,4.240864017291197
220.0,170.0,4.485957872388048,4.485957872388048,4.127297210804197
230.0,170.0,3.2675948820541727,3.2675948820541727,3.3155231179591893
240.0,170.0,4.410423646227738,4.410423646227738,3.7215624722227743
250.0,170.0,5.705042031515407,5.705042031515407,4.02728935691215
260.0,170.0,5.729749172936359,5.729749172936359,4.3143811267872065
1.0,180.0,5.626826904131486,5.626826904131486,4.070610927122293
10.0,180.0,5.431696707972553,5.431696707972553,4.358300629676836
20.0,180.0,4.7504047560709335,4.7504047560709335,4.413656721014096
30.0,180.0,5.183183339174937,5.183183339174937,4.363337810693713
40.0,180.0,6.04654071486509,6.04654071486509,3.7338606226266617
50.0,180.0,6.701716600636365,6.701716600636365,3.3968998298631856
60.0,180.0,7.101890329291425,7.101890329291425,1.5624754407321964
70.0,180.0,5.577440907536574,5.577440907536574,4.08530827470515
80.0,180.0,4.796861468981014,4.796861468981014,4.5133385572745786
90.0,180.0,3.984289007310508,3.984289007310508,3.6803685721014405
100.0,180.0,3.854018155114227,3.854018155114227,3.438554679716288
110.0,180.0,3.7844753347650895,3.7844753347650895,3.6026462756076674
120.0,180.0,3.268887441803729,3.268887441803729,2.482069040791417
130.0,180.0,3.418627962609275,3.418627962609275,3.0813797822406723
140.0,180.0,3.362442127437479,3.362442127437479,3.958614015752457
150.0,180.0,4.493520428333364,4.493520428333364,4.194122126381798
160.0,180.0,4.4748110117509174,4.4748110117509174,4.232270234288371
170.0,180.0,4.082056950493607,4.082056950493607,3.9515109403691717
180.0,180.0,4.1265876018512895,4.1265876018512895,4.295710262653638
190.0,180.0,4.15896864247841,4.15896864247841,3.9557549710529876
200.0,180.0,4.233422171673643,4.233422171673643,4.491991767320389
210.0,180.0,4.213404076675395,4.213404076675395,3.9618063338136142
220.0,180.0,3.8156980918634256,3.8156980918634256,3.66933744477729
230.0,180.0,4.084505515058542,4.084505515058542,3.721313513192661
240.0,180.0,4.845199644736432,4.845199644736432,4.568258399126443
250.0,180.0,6.248361795073139,6.248361795073139,3.6362657468603508
260.0,180.0,5.45730779434778,5.45730779434778,4.1770511732896525
1.0,190.0,4.807835860691789,4.807835860691789,4.618460636870609
10.0,190.0,2.8080068519449557,2.8080068519449557,2.2864112349516317
20.0,190.0,3.8356946093623723,3.8356946093623723,3.551785854645898
30.0,190.0,4.984146579301936,4.984146579301936,4.372862172125771
40.0,190.0,7.225240385317112,7.225240385317112,2.8757775095963107
50.0,190.0,7.2184133561976385,7.2184133561976385,2.4139106003238435
60.0,190.0,7.936383003499763,7.5753906701662626,0.9341489104480617
70.0,190.0,7.234326375079451,7.234326375079451,2.3128090112611766
80.0,190.0,5.148340101331557,5.148340101331557,4.222343075974903
90.0,190.0,3.758932527751692,3.758932527751692,3.8651658593027554
100.0,190.0,3.574745501156013,3.574745501156013,3.3920223971345123
110.0,190.0,3.723490241502329,3.723490241502329,3.9642382308406474
120.0,190.0,3.1013826683242582,3.1013826683242582,2.751098427594502
130.0,190.0,3.0808434591420317,3.0808434591420317,2.53860971466567
140.0,190.0,3.952273950404848,3.952273950404848,4.2841691011931315
150.0,190.0,3.6833672270754705,3.6833672270754705,3.819038786679756
160.0,190.0,4.368142701573126,4.368142701573126,4.574183205468218
170.0,190.0,4.219314879941837,4.219314879941837,4.198395857264453
180.0,190.0,4.094076170854533,4.094076170854533,4.304247663947673
190.0,190.0,4.0776668030060526,4.0776668030060526,4.198352974973828
200.0,190.0,4.245080625850727,4.245080625850727,4.1254003353165425
210.0,190.0,4.26154994102788,4.26154994102788,4.157476807313144
220.0,190.0,4.029798959496912,4.029798959496912,4.025269724804119
230.0,190.0,4.539797474417374,4.539797474417374,4.495909417814644
240.0,190.0,5.442733759827975,5.442733759827975,4.321371588024843
250.0,190.0,5.891487970616605,5.891487970616605,4.016991356042012
260.0,190.0,6.0971900410262085,6.0971900410262085,4.019901874901271
1.0,200.0,4.980941727779187,4.980941727779187,4.331755829168548
10.0,200.0,4.029586145447879,4.029586145447879,3.8614504320189162
20.0,200.0,5.72907536977666,5.72907536977666,4.501063329707277
30.0,200.0,5.1331638567515645,5.1331638567515645,4.568117739881133
40.0,200.0,6.30229059840984,6.30229059840984,3.792388145492618
50.0,200.0,7.392557356479319,7.392557356479319,2.1848733921782877
60.0,200.0,7.79804949444801,7.5753906701662626,1.4853483810225978
70.0,200.0,5.677364826399187,5.677364826399187,4.459070046025332
80.0,200.0,3.591453653931616,3.591453653931616,3.3699937114585197
90.0,200.0,3.181736306076254,3.181736306076254,2.358573393629846
100.0,200.0,3.3657732893440535,3.3657732893440535,3.087067542137104
110.0,200.0,3.5878998115893026,3.5878998115893026,3.7449499122700023
120.0,200.0,2.7866898067112,2.7866898067112,2.630369120640955
130.0,200.0,4.125716895870097,4.125716895870097,4.278491257574535
140.0,200.0,4.242148280390887,4.242148280390887,4.05661711459056
150.0,200.0,4.300647206361826,4.300647206361826,4.024131191959663
160.0,200.0,4.941235652285731,4.941235652285731,4.771338531932586
170.0,200.0,5.342223005712578,5.342223005712578,4.4035001007021
180.0,200.0,4.616418129110392,4.616418129110392,4.4124746143744495
190.0,200.0,5.263072075103785,5.263072075103785,4.568812731490681
200.0,200.0,4.553920641565336,4.553920641565336,4.184744002910876
210.0,200.0,4.671978491695165,4.671978491695165,4.363291055255047
220.0,200.0,4.530527451859148,4.530527451859148,3.9273646326781337
230.0,200.0,5.4669737657765545,5.4669737657765545,4.264025264096983
240.0,200.0,4.856985954223875,4.856985954223875,4.394523962024873
250.0,200.0,5.717689467029544,5.717689467029544,3.990678014508733
260.0,200.0,6.111746287835892,6.111746287835892,3.947091057318828
1.0,210.0,4.176597435044956,4.176597435044956,3.91029194788259
10.0,210.0,4.838275551809621,4.838275551809621,4.41483576490421
20.0,210.0,4.647608073414621,4.647608073414621,4.26207518192488
30.0,210.0,5.591405479825421,5.591405479825421,4.104241374807779
40.0,210.0,5.625531630889676,5.625531630889676,4.15556093879373
50.0,210.0,7.107601747735032,7.107601747735032,2.5149718273634805
60.0,210.0,6.005198112580729,6.005198112580729,4.519560372018182
70.0,210.0,4.0868977022381765,4.0868977022381765,3.952381212026191
80.0,210.0,2.9294563638016533,2.9294563638016533,2.609615853974407
90.0,210.0,1.6721269290067022,2.4035600557626817,0.9287883425280724
100.0,210.0,3.8615725653342468,3.8615725653342468,3.7765947551456307
110.0,210.0,3.984985138965966,3.984985138965966,3.8793506376386935
120.0,210.0,4.367108908807844,4.367108908807844,4.111807447201497
130.0,210.0,4.6416245138540315,4.6416245138540315,4.8358029165988965
140.0,210.0,4.869230811941332,4.869230811941332,4.004378173804579
150.0,210.0,4.58552289439036,4.58552289439036,4.494710380768413
160.0,210.0,6.0730495606654715,6.0730495606654715,3.4672707291861364
170.0,210.0,6.2891772293217425,6.2891772293217425,3.6441042714804754
180.0,210.0,6.104333572314651,6.104333572314651,3.7510171016316116
190.0,210.0,4.640504984551849,4.640504984551849,4.239081697431132
200.0,210.0,5.0922357415668085,5.0922357415668085,4.426405953026545
210.0,210.0,5.501150334255272,5.501150334255272,4.518718645800116
220.0,210.0,5.736029282599652,5.736029282599652,3.892157450379083
230.0,210.0,5.234952572387579,5.234952572387579,4.494367151503499
240.0,210.0,5.4893367103040465,5.4893367103040465,4.333114888644837
250.0,210.0,4.379134733765592,4.379134733765592,4.264391253089913
260.0,210.0,5.91379045175971,5.91379045175971,4.059209829195264
1.0,220.0,5.387594204388381,5.387594204388381,4.441509497587703
10.0,220.0,3.9480390557692098,3.9480390557692098,3.9890512859250635
20.0,220.0,4.601299401002438,4.601299401002438,4.4148706507925155
30.0,220.0,4.888176730481449,4.888176730481449,4.44285740631398
40.0,220.0,6.216514100410094,6.216514100410094,3.5830391041384013
50.0,220.0,5.7456325932084225,5.7456325932084225,4.015479947777771
60.0,220.0,4.933398207470269,4.933398207470269,4.304548736476624
70.0,220.0,2.8069652072314333,2.8069652072314333,1.6047464909026112
80.0,220.0,3.4009699528529618,3.4009699528529618,3.1390747905601293
90.0,220.0,2.872347236084958,2.872347236084958,2.4201108265441116
100.0,220.0,4.0468483767478665,4.0468483767478665,3.998405690591843
110.0,220.0,4.220333575378946,4.220333575378946,3.9672935471559976
120.0,220.0,5.386130108553202,5.386130108553202,4.135082280290915
130.0,220.0,5.285780389746441,5.285780389746441,4.422767397681135
140.0,220.0,6.081070001295146,6.081070001295146,3.9992869493972187
150.0,220.0,5.370661465334285,5.370661465334285,4.491838028951023
160.0,220.0,5.441327971626566,5.441327971626566,4.23783315404884
170.0,220.0,5.748467969997645,5.748467969997645,4.0490223326565795
180.0,220.0,5.871479610671865,5.871479610671865,4.070494457240161
190.0,220.0,5.813528228473065,5.813528228473065,4.255799510863959
200.0,220.0,6.0565134370793,6.0565134370793,3.6135121803308223
210.0,220.0,5.104889781499608,5.104889781499608,4.505265430732993
220.0,220.0,6.427066408457265,6.427066408457265,3.2237283730076296
230.0,220.0,6.557255309248158,6.557255309248158,2.9303039403213518
240.0,220.0,5.751182552437392,5.751182552437392,4.045134375169695
250.0,220.0,3.5389729578912448,3.5389729578912448,3.851751470417168
260.0,220.0,5.321144945488695,5.321144945488695,4.178974307710352
1.0,230.0,4.658744687322755,4.658744687322755,4.306620404875234
10.0,230.0,4.391332603565312,4.391332603565312,4.308956679605915
20.0,230.0,4.226312593053922,4.226312593053922,3.7057449731635943
30.0,230.0,4.986844414161884,4.986844414161884,4.438644620235768
40.0,230.0,6.059507789633718,6.059507789633718,3.497756245137372
50.0,230.0,5.329162655043171,5.329162655043171,4.289876618551054
60.0,230.0,4.824516125044614,4.824516125044614,4.589503856084978
70.0,230.0,3.0464176142817214,3.0464176142817214,2.328984993187645
80.0,230.0,2.435032400750769,2.435032400750769,1.501444574426862
90.0,230.0,3.2220822876037296,3.2220822876037296,3.1717327205227956
100.0,230.0,4.369107546987561,4.369107546987561,4.210822171305643
110.0,230.0,4.791965756440931,4.791965756440931,4.290472066393678
120.0,230.0,6.072751405287178,6.072751405287178,3.7145708252050644
130.0,230.0,5.508403528745987,5.508403528745987,4.451988257924711
140.0,230.0,4.904862203990511,4.904862203990511,4.4961293711412145
150.0,230.0,6.45520768028043,6.45520768028043,3.294549345192951
160.0,230.0,5.489250014804109,5.489250014804109,4.440477399879231
170.0,230.0,4.819454437732081,4.819454437732081,4.2019469805407255
180.0,230.0,4.120378884760952,4.120378884760952,3.7900520686190826
190.0,230.0,5.085326591710581,5.085326591710581,4.30561423932519
200.0,230.0,5.861535678398716,5.861535678398716,4.173261112002387
210.0,230.0,4.271864783812998,4.271864783812998,3.8084582091840242
220.0,230.0,5.992205833061029,5.992205833061029,3.85163724723789
230.0,230.0,6.33855297878511,6.33855297878511,3.4787864637187504
240.0,230.0,5.6289123397571545,5.6289123397571545,4.3762043126082455
250.0,230.0,4.7703396452110445,4.7703396452110445,4.255791437038339
260.0,230.0,4.544710270662109,4.544710270662109,4.458273375451626
1.0,240.0,4.512541318971075,4.512541318971075,4.174592300982458
10.0,240.0,4.407926295505218,4.407926295505218,4.23523827830332
20.0,240.0,4.708379343254952,4.708379343254952,4.095830149258142
30.0,240.0,5.204930164378101,5.204930164378101,4.607628242369582
40.0,240.0,6.118846874576516,6.118846874576516,3.7316246487800475
50.0,240.0,5.811963224928428,5.811963224928428,4.061158390222358
60.0,240.0,5.288014286404171,5.288014286404171,4.503399385718611
70.0,240.0,3.111961418780784,3.111961418780784,2.0842875779862893
80.0,240.0,2.7510493632983057,2.7510493632983057,2.839988579108954
90.0,240.0,3.2503812104661414,3.2503812104661414,3.676324490266901
100.0,240.0,4.48097764248838,4.48097764248838,4.319527010710257
110.0,240.0,4.716573055985931,4.716573055985931,4.284963381936456
120.0,240.0,5.784867440221855,5.784867440221855,4.275774731326049
130.0,240.0,5.74318915437464,5.74318915437464,4.1044951657442805
140.0,240.0,4.232728312845153,4.232728312845153,4.021935757751335
150.0,240.0,5.349432813659282,5.349432813659282,4.326021527044772
160.0,240.0,5.0881738456473915,5.0881738456473915,4.591678900780661
170.0,240.0,5.62606856390397,5.62606856390397,4.1965558167656605
180.0,240.0,5.976644929180648,5.976644929180648,4.051994323249885
190.0,240.0,5.5875071689238105,5.5875071689238105,4.262138219430642
200.0,240.0,5.38613006827533,5.38613006827533,4.377109646097758
210.0,240.0,3.8544156312615665,3.8544156312615665,4.417995995025597
220.0,240.0,5.830089735302323,5.830089735302323,3.618679958794546
230.0,240.0,5.198817317676168,5.198817317676168,4.238013875686296
240.0,240.0,3.40902072143851,3.40902072143851,2.7078816918712536
250.0,240.0,3.549999562638662,3.549999562638662,3.8396629172637984
260.0,240.0,3.340273328977828,3.340273328977828,3.5053932894179165
1.0,250.0,3.6612731020377662,3.6612731020377662,3.784789917146514
10.0,250.0,4.379254212909654,4.379254212909654,4.303043597578796
20.0,250.0,4.601877894670768,4.601877894670768,4.473313939427945
30.0,250.0,4.280667518718839,4.280667518718839,4.33775495411959
40.0,250.0,5.97331145138863,5.97331145138863,4.367799040095227
50.0,250.0,5.3773780453081885,5.3773780453081885,4.4714331331805015
60.0,250.0,4.241143091404766,4.241143091404766,4.469325587764316
70.0,250.0,2.9246771563011293,2.9246771563011293,2.7220419843720207
80.0,250.0,3.4302509120954703,3.4302509120954703,3.0095187974269515
90.0,250.0,3.035942923745524,3.035942923745524,2.5116404227380222
100.0,250.0,4.5960330940890435,4.5960330940890435,4.22047127769134
110.0,250.0,5.045927775168501,5.045927775168501,4.2729673212077985
120.0,250.0,4.712386938424573,4.712386938424573,4.245641681003836
130.0,250.0,4.980247747219405,4.980247747219405,4.185907321504568
140.0,250.0,4.797444464357585,4.797444464357585,4.402768620441857
150.0,250.0,4.870341993199227,4.870341993199227,4.5430180887233655
160.0,250.0,4.95818354005715,4.95818354005715,4.511684921121887
170.0,250.0,3.384891471760511,3.384891471760511,3.195458234942672
180.0,250.0,5.571215816758116,5.571215816758116,4.4424658361522935
190.0,250.0,4.977725741220212,4.977725741220212,4.484787406471333
200.0,250.0,5.641676410899973,5.641676410899973,4.294028008687216
210.0,250.0,5.705337510912301,5.705337510912301,4.2111271717539385
220.0,250.0,5.138572166915095,5.138572166915095,4.315957595196145
230.0,250.0,4.481286071076664,4.481286071076664,4.370289743451698
240.0,250.0,5.175964542769427,5.175964542769427,4.5687372175614875
250.0,250.0,4.792509964393618,4.792509964393618,4.5256725441734975
260.0,250.0,4.017458982628844,4.017458982628844,4.1889762411194775
1.0,260.0,4.28973555586964,4.28973555586964,3.96120731813226
10.0,260.0,4.615101761829239,4.615101761829239,4.388424299661628
20.0,260.0,4.884020306595258,4.884020306595258,4.424573377529899
30.0,260.0,5.085440436477053,5.085440436477053,4.303646727029138
40.0,260.0,6.666377606021429,6.666377606021429,3.0158943257914133
50.0,260.0,6.344830639921571,6.344830639921571,3.2542581772850983
60.0,260.0,5.246341748985325,5.246341748985325,4.602704048898687
70.0,260.0,2.6015188304667127,2.6015188304667127,1.5577008508011643
80.0,260.0,1.7935331559340622,2.4035600557626817,1.1601495712427747
90.0,260.0,3.7663241536513583,3.7663241536513583,3.66983987233497
100.0,260.0,4.606865109790865,4.606865109790865,4.159336861956391
110.0,260.0,5.176354734965451,5.176354734965451,4.2755996252123945
120.0,260.0,3.431364366508354,3.431364366508354,2.932552094757149
130.0,260.0,3.534938684989515,3.534938684989515,3.1052656623085975
140.0,260.0,4.414460165707026,4.414460165707026,4.158140637609114
150.0,260.0,3.919355378248426,3.919355378248426,3.933123214859742
160.0,260.0,5.052232153181633,5.052232153181633,4.490987973452073
170.0,260.0,3.976402979897978,3.976402979897978,4.352694101667735
180.0,260.0,4.426099871736568,4.426099871736568,4.425808686497038
190.0,260.0,4.451753633462893,4.451753633462893,4.116178815916143
200.0,260.0,4.9499054045391055,4.9499054045391055,4.528151921837876
210.0,260.0,5.452418942622487,5.452418942622487,4.397762913882052
220.0,260.0,4.637100883163036,4.637100883163036,4.473518196341353
230.0,260.0,4.258688535190512,4.258688535190512,4.036381370809877
240.0,260.0,4.581254092016268,4.581254092016268,4.487043985482538
250.0,260.0,4.172961873081763,4.172961873081763,4.287833672281774
260.0,260.0,3.0180020941190806,3.0180020941190806,1.8754953683695261
1.0,270.0,4.7430857733068645,4.7430857733068645,4.316640171469838
10.0,270.0,4.5668748639075565,4.5668748639075565,4.182816757753167
20.0,270.0,5.042937400544672,5.042937400544672,4.575165883120057
30.0,270.0,5.528949970962587,5.528949970962587,4.052138421600536
40.0,270.0,6.943145123161765,6.943145123161765,2.6869207080329707
50.0,270.0,6.832431302617033,6.832431302617033,3.3843899208006722
60.0,270.0,5.365332237533673,5.365332237533673,4.326295331835812
70.0,270.0,2.9153410533420936,2.9153410533420936,2.6838201559770414
80.0,270.0,3.4615456162390164,3.4615456162390164,2.840132073066402
90.0,270.0,4.007094188874665,4.007094188874665,3.9584315133193018
100.0,270.0,4.656777269617767,4.656777269617767,4.656581798644444
110.0,270.0,4.073615158435206,4.073615158435206,4.1877871937696005
120.0,270.0,4.828160209115506,4.828160209115506,4.343331139494822
130.0,270.0,4.936024498407422,4.936024498407422,4.521695597393427
140.0,270.0,5.252113564037473,5.252113564037473,4.307385814237599
150.0,270.0,3.0022637638428433,3.0022637638428433,2.1614346065039816
160.0,270.0,4.845726843156882,4.845726843156882,4.5028698949837205
170.0,270.0,4.840306466467032,4.840306466467032,4.637803132986411
180.0,270.0,4.197941403515492,4.197941403515492,4.549443589853606
190.0,270.0,4.4350741264748,4.4350741264748,4.332208959610057
200.0,270.0,4.752570401280425,4.752570401280425,4.202990564939322
210.0,270.0,5.2312361110169885,5.2312361110169885,4.303160142525955
220.0,270.0,4.164387571095849,4.164387571095849,4.1919329273885335
230.0,270.0,4.257348968298214,4.257348968298214,4.17778010175962
240.0,270.0,3.8803979702693723,3.8803979702693723,3.8405801642441086
250.0,270.0,4.009685419494556,4.009685419494556,4.123879703089794
260.0,270.0,4.108028481789166,4.108028481789166,4.081849475725342
1.0,280.0,5.253415557575721,5.253415557575721,4.662753780595883
10.0,280.0,5.608206337134234,5.608206337134234,4.156316415958548
20.0,280.0,4.972537919060107,4.972537919060107,4.364536832931191
30.0,280.0,6.100983568978267,6.100983568978267,3.6362991559209323
40.0,280.0,6.347865639333537,6.347865639333537,3.847979166841618
50.0,280.0,5.371483658806228,5.371483658806228,4.379405911226499
60.0,280.0,4.4888364449662035,4.4888364449662035,4.132185384389601
70.0,280.0,3.011922417300316,3.011922417300316,2.4343558599625017
80.0,280.0,3.7798521614366614,3.7798521614366614,3.585755568392961
90.0,280.0,4.294269635649245,4.294269635649245,4.341637091391098
100.0,280.0,5.054414225214827,5.054414225214827,4.52710185672825
110.0,280.0,5.28443388089098,5.28443388089098,4.753106960826918
120.0,280.0,5.0816959594019835,5.0816959594019835,4.314558852517414
130.0,280.0,4.956464100656133,4.956464100656133,4.375648482318531
140.0,280.0,5.269200480270396,5.269200480270396,4.615896262122405
150.0,280.0,5.009488815481246,5.009488815481246,4.711430255516901
160.0,280.0,4.731833324392934,4.731833324392934,4.132832838487869
170.0,280.0,4.4858604447284085,4.4858604447284085,4.3926486003133665
180.0,280.0,3.9815023300306933,3.9815023300306933,3.589531147276355
190.0,280.0,3.919355122739927,3.919355122739927,3.7492157213044632
200.0,280.0,4.234431461697475,4.234431461697475,3.9109395409953427
210.0,280.0,4.006985713855672,4.006985713855672,4.003087928998645
220.0,280.0,3.7444683457486416,3.7444683457486416,3.596465687364435
230.0,280.0,3.6583296459302925,3.6583296459302925,3.0487429550533305
240.0,280.0,3.7723171382441194,3.7723171382441194,3.7445242371743706
250.0,280.0,3.8249678673793683,3.8249678673793683,3.588174637167309
260.0,280.0,3.9094682274392043,3.9094682274392043,3.921872544949905
1.0,290.0,4.708379359401632,4.708379359401632,4.5077887880484715
10.0,290.0,4.5866086081787785,4.5866086081787785,4.0417462581584624
20.0,290.0,4.86597503617539,4.86597503617539,4.2819308629352015
30.0,290.0,5.349432715676549,5.349432715676549,4.244330731528201
40.0,290.0,5.108182438106776,5.108182438106776,4.301924848071068
50.0,290.0,5.0594192676009735,5.0594192676009735,4.251817268967079
60.0,290.0,3.8042880595895854,3.8042880595895854,4.040583868899075
70.0,290.0,3.609299617912238,3.609299617912238,3.585498740343504
80.0,290.0,3.9173278940412777,3.9173278940412777,3.4014786352054722
90.0,290.0,4.519035942429661,4.519035942429661,4.0058555965490035
100.0,290.0,5.2480697029649095,5.2480697029649095,4.605169586780506
110.0,290.0,4.902181366838111,4.902181366838111,4.406546928810669
120.0,290.0,4.853934520610964,4.853934520610964,4.444500618802637
130.0,290.0,4.719921377842064,4.719921377842064,4.429365861306712
140.0,290.0,5.049899544623701,5.049899544623701,4.65257707927922
150.0,290.0,4.94447789125998,4.94447789125998,4.2797871257318745
160.0,290.0,4.81791370547873,4.81791370547873,4.603914254724804
170.0,290.0,4.001178930353428,4.001178930353428,3.907562718861896
180.0,290.0,3.7491647442343914,3.7491647442343914,3.845582669610243
190.0,290.0,3.661641381945631,3.661641381945631,3.718905150574349
200.0,290.0,3.7762556529396134,3.7762556529396134,3.7663523771966196
210.0,290.0,3.8649539469600342,3.8649539469600342,4.144502690618405
220.0,290.0,1.219276851929989,2.4035600557626817,1.660162191583371
230.0,290.0,3.682843011984726,3.682843011984726,3.7457434951295716
240.0,290.0,3.6739409591936343,3.6739409591936343,3.5616129732639537
250.0,290.0,4.138706077331033,4.138706077331033,4.142914202387294
260.0,290.0,2.967412011725684,2.967412011725684,3.050334597680274
1.0,300.0,4.372346605701241,4.372346605701241,3.990006880657177
10.0,300.0,4.275125692831407,4.275125692831407,4.205237926495807
20.0,300.0,4.739573854426179,4.739573854426179,4.317333230484994
30.0,300.0,6.109822446954057,6.109822446954057,4.3352307413040805
40.0,300.0,6.540982183210472,6.540982183210472,3.6573493373961674
50.0,300.0,5.405686584126854,5.405686584126854,4.37054377235678
60.0,300.0,2.828613190350125,2.828613190350125,2.5201759532444132
70.0,300.0,3.5800784301527315,3.5800784301527315,3.1860643169986913
80.0,300.0,3.8882376603686595,3.8882376603686595,4.110682360126142
90.0,300.0,4.742758880136823,4.742758880136823,4.461984554614609
100.0,300.0,4.095848381970909,4.095848381970909,4.327852814256696
110.0,300.0,5.351714879514371,5.351714879514371,4.453753151550297
120.0,300.0,4.350890121017262,4.350890121017262,4.130511181200115
130.0,300.0,4.643087925956493,4.643087925956493,4.3083124344245505
140.0,300.0,3.784304663582414,3.784304663582414,3.7786055779264447
150.0,300.0,3.269477768490818,3.269477768490818,2.726257976635569
160.0,300.0,4.349577224800934,4.349577224800934,4.2118532367711525
170.0,300.0,3.0592119034456964,3.0592119034456964,2.6588218716675693
180.0,300.0,3.649496357830864,3.649496357830864,3.4659481282218176
190.0,300.0,3.5928781037895874,3.5928781037895874,3.597002667714749
200.0,300.0,3.6125067691133808,3.6125067691133808,3.4375483126294744
210.0,300.0,4.104869390343268,4.104869390343268,4.162180285917074
220.0,300.0,4.387804857437955,4.387804857437955,4.187832806134312
230.0,300.0,3.6217247607520617,3.6217247607520617,3.6861271343793764
240.0,300.0,3.831456918799872,3.831456918799872,3.8415828296728733
250.0,300.0,3.8412725770320906,3.8412725770320906,3.759928110227239
260.0,300.0,4.147829980207513,4.147829980207513,4.203108122384042
